accommodation,"What kind of accommodation does Xiamen University Malaysia (XMUM) offer?", "Xiamen University Malaysia (XMUM) offers on-campus student accommodation.", "on-campus, student, residential, housing"
accommodation,"Where is Xiamen University Malaysia (XMUM) accommodation located?", "The accommodation is nestled in the thriving township of Sepang, strategically located within walking distance of academic buildings, recreational facilities, and dining options on campus.", "location, Sepang, campus, walking distance"
accommodation,"What are the key features of XMUM's student accommodation?", "The student accommodation provides a modern, secure, and comfortable living environment, purpose-built to support the diverse needs of the student community. It features contemporary architectural aesthetics, practical functionality, and a welcoming multicultural atmosphere.", "features, modern, secure, comfortable"
accommodation,"What amenities are included in each accommodation unit?", "Each unit is fully equipped with essential amenities. Specific unit amenities mentioned for room types include an en-suite bathroom, bed frame and mattress, wardrobe, study table and chair, and air conditioning.", "unit, amenities, en-suite, air conditioning"
accommodation,"What are the security measures for on-campus accommodation?", "The campus accommodation ensures 24-hour security.", "security, 24-hour, safety, campus"
accommodation,"What room types are available in Xiamen University Malaysia's on-campus accommodation?", "The available room types are Twin Sharing in Block D and Twin Sharing in Block LY.", "room types, twin sharing, Block D, Block LY"
accommodation,"What is the monthly rental per student for a Twin Sharing room in Block D?", "The monthly rental per student for a Twin Sharing room in Block D is RM 360.", "rental, Block D, twin sharing, cost"
accommodation,"What is included in a Twin Sharing room in Block D?", "A Twin Sharing room in Block D includes an en-suite bathroom, bed frame and mattress, wardrobe, study table and chair, and air conditioning. Monthly rental excludes the electricity bill.", "Block D, inclusions, amenities, electricity"
accommodation,"What is the size of a Twin Sharing room in Block D?", "The size of a Twin Sharing room in Block D is 15.9 m▓.", "size, Block D, room, dimensions"
accommodation,"What is the monthly rental per student for a Twin Sharing room in Block LY?", "The monthly rental per student for a Twin Sharing room in Block LY is RM 460.", "rental, Block LY, twin sharing, cost"
accommodation,"What is included in a Twin Sharing room in Block LY?", "A Twin Sharing room in Block LY includes an en-suite bathroom, bed frame and mattress, wardrobe, study table and chair, and air conditioning. Monthly rental excludes the electricity bill.", "Block LY, inclusions, amenities, electricity"
accommodation,"What is the size of a Twin Sharing room in Block LY?", "The size of a Twin Sharing room in Block LY is 17.6 m▓.", "size, Block LY, room, dimensions"
accommodation,"What common facilities are available on each floor of the residential blocks?", "A common pantry is located on each floor, which is equipped with a microwave oven, a refrigerator, and a water dispenser.", "common pantry, floor, facilities, kitchen"
accommodation,"What shared facilities are available for students in the accommodation?", "Shared facilities include a common pantry on each floor, a laundry room, 24/7 safety and security, canteens adjacent to residential blocks, and a five-storey Student Activity Centre.", "shared, facilities, laundry, pantry"
accommodation,"What facilities does the five-storey Student Activity Centre feature?", "The five-storey Student Activity Centre features a canteen, convenience store, gym, swimming pool, prayer rooms, and more.", "Student Activity Centre, facilities, gym, swimming pool"
accommodation,"Where can students find the full accommodation policies and regulations?", "Students can find the full accommodation policies and regulations in the 'Xiamen University Malaysia Residences Management Rules and Regulations' document, which is available for download.", "policies, regulations, rules, download"
accommodation,"Can the university make changes to accommodation policies without prior notice?", "Yes, the University reserves the right to make amendments without prior notice and shall not be held liable for such alterations.", "changes, policies, amendments, notice"